time,bits_sent,bits_recv,packets_sent,packets_recv,mem_usage,cpu_num,cpu_usage
1731406723.4412081,0.0,0.0,0.0,0.0,1921024,8,99.7
1731406725.56372,0.0,0.0,0.0,0.0,2190295040,8,0.0
1731406727.686047,0.0,0.0,0.0,0.0,2190295040,8,0.0
